ETH Address, Stake, Tier, Participation Weight
0x0052...52c1,500,4,2
0x0052...52c1,500,4,2
0x005c...c6ed,504,4,2
0x005c...c6ed,504,4,2
0x006f...60ee,152,5,1
0x00ac...d697,2081,3,8
0x00ac...d697,2081,3,8
0x00ac...d697,2081,3,8
0x00ac...d697,2081,3,8
0x00ac...d697,2081,3,8
0x00ac...d697,2081,3,8
0x00ac...d697,2081,3,8
0x00ac...d697,2081,3,8
0x00b4...9847,151,5,1
0x00c1...6ad0,209,5,1
0x00e9...d60a,1000,3,4
0x00e9...d60a,1000,3,4
0x00e9...d60a,1000,3,4
0x00e9...d60a,1000,3,4
0x011d...fc83,1000,3,4
0x011d...fc83,1000,3,4
0x011d...fc83,1000,3,4
0x011d...fc83,1000,3,4
0x012d...9ea7,1022,3,4
0x012d...9ea7,1022,3,4
0x012d...9ea7,1022,3,4
0x012d...9ea7,1022,3,4
0x01ed...c55e,506,4,2
0x01ed...c55e,506,4,2
0x0290...2271,155,5,1
0x02c2...b179,1000,3,4
0x02c2...b179,1000,3,4
0x02c2...b179,1000,3,4
0x02c2...b179,1000,3,4
0x02d9...c6f7,168,5,1
0x03c4...6ae6,517,4,2
0x03c4...6ae6,517,4,2
0x03c6...4f17,282,5,1
0x03d4...401e,500,4,2
0x03d4...401e,500,4,2
0x0451...44d7,1501,3,6
0x0451...44d7,1501,3,6
0x0451...44d7,1501,3,6
0x0451...44d7,1501,3,6
0x0451...44d7,1501,3,6
0x0451...44d7,1501,3,6
0x0500...b9c4,2265,3,9
0x0500...b9c4,2265,3,9
0x0500...b9c4,2265,3,9
0x0500...b9c4,2265,3,9
0x0500...b9c4,2265,3,9
0x0500...b9c4,2265,3,9
0x0500...b9c4,2265,3,9
0x0500...b9c4,2265,3,9
0x0500...b9c4,2265,3,9
0x0538...91b2,1000,3,4
0x0538...91b2,1000,3,4
0x0538...91b2,1000,3,4
0x0538...91b2,1000,3,4
0x0559...cdbf,500,4,2
0x0559...cdbf,500,4,2
0x058a...b4e1,151,5,1
0x0602...185b,501,4,2
0x0602...185b,501,4,2
0x0687...0643,150,5,1
0x06a6...ad35,505,4,2
0x06a6...ad35,505,4,2
0x0717...a857,1000,3,4
0x0717...a857,1000,3,4
0x0717...a857,1000,3,4
0x0717...a857,1000,3,4
0x0752...c807,501,4,2
0x0752...c807,501,4,2
0x0770...b916,1115,3,4
0x0770...b916,1115,3,4
0x0770...b916,1115,3,4
0x0770...b916,1115,3,4
0x082c...c878,151,5,1
0x0836...f2e8,150,5,1
0x084a...09f1,1058,3,4
0x084a...09f1,1058,3,4
0x084a...09f1,1058,3,4
0x084a...09f1,1058,3,4
0x087f...554b,1328,3,5
0x087f...554b,1328,3,5
0x087f...554b,1328,3,5
0x087f...554b,1328,3,5
0x087f...554b,1328,3,5
0x0885...9526,183,5,1
0x088d...bca6,1019,3,4
0x088d...bca6,1019,3,4
0x088d...bca6,1019,3,4
0x088d...bca6,1019,3,4
0x090c...5f2c,1021,3,4
0x090c...5f2c,1021,3,4
0x090c...5f2c,1021,3,4
0x090c...5f2c,1021,3,4
0x0919...cc7c,150,5,1
0x0955...26c1,168,5,1
0x09f1...b3c9,504,4,2
0x09f1...b3c9,504,4,2
0x09f8...aa41,150,5,1
0x0a5c...cc22,1511,3,6
0x0a5c...cc22,1511,3,6
0x0a5c...cc22,1511,3,6
0x0a5c...cc22,1511,3,6
0x0a5c...cc22,1511,3,6
0x0a5c...cc22,1511,3,6
0x0aa4...9580,1005,3,4
0x0aa4...9580,1005,3,4
0x0aa4...9580,1005,3,4
0x0aa4...9580,1005,3,4
0x0acc...4354,151,5,1
0x0ada...b347,876,4,2
0x0ada...b347,876,4,2
0x0b40...4f11,298,5,1
0x0b46...dfca,151,5,1
0x0b76...5612,150,5,1
0x0ba9...e8f5,504,4,2
0x0ba9...e8f5,504,4,2
0x0c4a...15ba,1000,3,4
0x0c4a...15ba,1000,3,4
0x0c4a...15ba,1000,3,4
0x0c4a...15ba,1000,3,4
0x0c75...2bb4,150,5,1
0x0cb0...59c8,503,4,2
0x0cb0...59c8,503,4,2
0x0cbd...415f,164,5,1
0x0cbf...d692,1109,3,4
0x0cbf...d692,1109,3,4
0x0cbf...d692,1109,3,4
0x0cbf...d692,1109,3,4
0x0d97...56d1,150,5,1
0x0dfd...ee28,516,4,2
0x0dfd...ee28,516,4,2
0x0e26...dadb,1001,3,4
0x0e26...dadb,1001,3,4
0x0e26...dadb,1001,3,4
0x0e26...dadb,1001,3,4
0x0e4f...e6f8,505,4,2
0x0e4f...e6f8,505,4,2
0x0e9b...c5df,1000,3,4
0x0e9b...c5df,1000,3,4
0x0e9b...c5df,1000,3,4
0x0e9b...c5df,1000,3,4
0x0ebf...cced,502,4,2
0x0ebf...cced,502,4,2
0x0edd...1f40,150,5,1
0x0f17...bb46,150,5,1
0x0f85...c617,505,4,2
0x0f85...c617,505,4,2
0x103f...35c1,1000,3,4
0x103f...35c1,1000,3,4
0x103f...35c1,1000,3,4
0x103f...35c1,1000,3,4
0x1089...4b57,154,5,1
0x10c8...7816,150,5,1
0x10f1...83b7,501,4,2
0x10f1...83b7,501,4,2
0x118e...d504,500,4,2
0x118e...d504,500,4,2
0x1190...b27f,750,4,2
0x1190...b27f,750,4,2
0x11c0...04f6,1130,3,4
0x11c0...04f6,1130,3,4
0x11c0...04f6,1130,3,4
0x11c0...04f6,1130,3,4
0x11c4...9142,1007,3,4
0x11c4...9142,1007,3,4
0x11c4...9142,1007,3,4
0x11c4...9142,1007,3,4
0x11c7...b2e0,500,4,2
0x11c7...b2e0,500,4,2
0x11e7...3bf0,1000,3,4
0x11e7...3bf0,1000,3,4
0x11e7...3bf0,1000,3,4
0x11e7...3bf0,1000,3,4
0x11fa...f8b7,161,5,1
0x11fb...91c0,150,5,1
0x121d...c702,157,5,1
0x127c...5811,156,5,1
0x12dd...91e2,1001,3,4
0x12dd...91e2,1001,3,4
0x12dd...91e2,1001,3,4
0x12dd...91e2,1001,3,4
0x12e6...e14d,1577,3,6
0x12e6...e14d,1577,3,6
0x12e6...e14d,1577,3,6
0x12e6...e14d,1577,3,6
0x12e6...e14d,1577,3,6
0x12e6...e14d,1577,3,6
0x1371...befb,1000,3,4
0x1371...befb,1000,3,4
0x1371...befb,1000,3,4
0x1371...befb,1000,3,4
0x13e0...95b3,150,5,1
0x140d...2551,1612,3,6
0x140d...2551,1612,3,6
0x140d...2551,1612,3,6
0x140d...2551,1612,3,6
0x140d...2551,1612,3,6
0x140d...2551,1612,3,6
0x140e...d5aa,503,4,2
0x140e...d5aa,503,4,2
0x148a...e04e,1002,3,4
0x148a...e04e,1002,3,4
0x148a...e04e,1002,3,4
0x148a...e04e,1002,3,4
0x14b5...ea0c,556,4,2
0x14b5...ea0c,556,4,2
0x14d4...ca76,150,5,1
0x1536...221e,152,5,1
0x1563...5ba0,501,4,2
0x1563...5ba0,501,4,2
0x1643...fb98,1020,3,4
0x1643...fb98,1020,3,4
0x1643...fb98,1020,3,4
0x1643...fb98,1020,3,4
0x1682...4efb,216,5,1
0x16c8...5d07,507,4,2
0x16c8...5d07,507,4,2
0x1708...f578,1018,3,4
0x1708...f578,1018,3,4
0x1708...f578,1018,3,4
0x1708...f578,1018,3,4
0x1755...dcef,1490,3,5
0x1755...dcef,1490,3,5
0x1755...dcef,1490,3,5
0x1755...dcef,1490,3,5
0x1755...dcef,1490,3,5
0x1762...da39,500,4,2
0x1762...da39,500,4,2
0x17a5...1eed,150,5,1
0x17b3...557b,155,5,1
0x183e...120e,1006,3,4
0x183e...120e,1006,3,4
0x183e...120e,1006,3,4
0x183e...120e,1006,3,4
0x18ed...5316,1009,3,4
0x18ed...5316,1009,3,4
0x18ed...5316,1009,3,4
0x18ed...5316,1009,3,4
0x1920...6546,1955,3,7
0x1920...6546,1955,3,7
0x1920...6546,1955,3,7
0x1920...6546,1955,3,7
0x1920...6546,1955,3,7
0x1920...6546,1955,3,7
0x1920...6546,1955,3,7
0x193a...e8ac,151,5,1
0x1942...a5bf,151,5,1
0x197c...9ffa,1059,3,4
0x197c...9ffa,1059,3,4
0x197c...9ffa,1059,3,4
0x197c...9ffa,1059,3,4
0x197f...7d4b,1104,3,4
0x197f...7d4b,1104,3,4
0x197f...7d4b,1104,3,4
0x197f...7d4b,1104,3,4
0x19bb...1cc4,155,5,1
0x1c09...fbf1,150,5,1
0x1c32...8da3,190,5,1
0x1c72...03a2,1045,3,4
0x1c72...03a2,1045,3,4
0x1c72...03a2,1045,3,4
0x1c72...03a2,1045,3,4
0x1ca8...1f2a,151,5,1
0x1dab...beaf,1005,3,4
0x1dab...beaf,1005,3,4
0x1dab...beaf,1005,3,4
0x1dab...beaf,1005,3,4
0x1dc1...8a20,151,5,1
0x1e60...ccfa,150,5,1
0x1e85...a8f5,220,5,1
0x1e9b...72d4,501,4,2
0x1e9b...72d4,501,4,2
0x1ec7...6e64,503,4,2
0x1ec7...6e64,503,4,2
0x1f67...fd21,511,4,2
0x1f67...fd21,511,4,2
0x214c...4931,1557,3,6
0x214c...4931,1557,3,6
0x214c...4931,1557,3,6
0x214c...4931,1557,3,6
0x214c...4931,1557,3,6
0x214c...4931,1557,3,6
0x21f2...b313,1004,3,4
0x21f2...b313,1004,3,4
0x21f2...b313,1004,3,4
0x21f2...b313,1004,3,4
0x21fe...7a02,155,5,1
0x2239...8d3e,152,5,1
0x22c4...73f0,200,5,1
0x2348...35e1,1040,3,4
0x2348...35e1,1040,3,4
0x2348...35e1,1040,3,4
0x2348...35e1,1040,3,4
0x23c7...7f2d,168,5,1
0x23d3...5936,1002,3,4
0x23d3...5936,1002,3,4
0x23d3...5936,1002,3,4
0x23d3...5936,1002,3,4
0x23e1...795c,150,5,1
0x23e6...4f66,1000,3,4
0x23e6...4f66,1000,3,4
0x23e6...4f66,1000,3,4
0x23e6...4f66,1000,3,4
0x23f8...0724,150,5,1
0x2411...4949,1042,3,4
0x2411...4949,1042,3,4
0x2411...4949,1042,3,4
0x2411...4949,1042,3,4
0x242f...5d18,1000,3,4
0x242f...5d18,1000,3,4
0x242f...5d18,1000,3,4
0x242f...5d18,1000,3,4
0x245b...b55c,1018,3,4
0x245b...b55c,1018,3,4
0x245b...b55c,1018,3,4
0x245b...b55c,1018,3,4
0x2486...2b09,196,5,1
0x24b2...0b1f,157,5,1
0x2521...1a80,500,4,2
0x2521...1a80,500,4,2
0x252e...8586,1064,3,4
0x252e...8586,1064,3,4
0x252e...8586,1064,3,4
0x252e...8586,1064,3,4
0x253b...7131,228,5,1
0x25e5...5a2f,245,5,1
0x25ff...895a,1000,3,4
0x25ff...895a,1000,3,4
0x25ff...895a,1000,3,4
0x25ff...895a,1000,3,4
0x2604...8537,155,5,1
0x26a5...e144,502,4,2
0x26a5...e144,502,4,2
0x26da...c726,1094,3,4
0x26da...c726,1094,3,4
0x26da...c726,1094,3,4
0x26da...c726,1094,3,4
0x26de...8fcf,150,5,1
0x26e7...dff0,152,5,1
0x2765...df73,1005,3,4
0x2765...df73,1005,3,4
0x2765...df73,1005,3,4
0x2765...df73,1005,3,4
0x2820...ad30,213,5,1
0x2863...c589,1002,3,4
0x2863...c589,1002,3,4
0x2863...c589,1002,3,4
0x2863...c589,1002,3,4
0x2863...8031,1201,3,4
0x2863...8031,1201,3,4
0x2863...8031,1201,3,4
0x2863...8031,1201,3,4
0x28bf...9322,507,4,2
0x28bf...9322,507,4,2
0x29bd...e120,182,5,1
0x2a1b...923a,219,5,1
0x2a58...d205,150,5,1
0x2ab9...e2dc,1072,3,4
0x2ab9...e2dc,1072,3,4
0x2ab9...e2dc,1072,3,4
0x2ab9...e2dc,1072,3,4
0x2ad8...179f,165,5,1
0x2ad9...8d14,1010,3,4
0x2ad9...8d14,1010,3,4
0x2ad9...8d14,1010,3,4
0x2ad9...8d14,1010,3,4
0x2af4...b350,1010,3,4
0x2af4...b350,1010,3,4
0x2af4...b350,1010,3,4
0x2af4...b350,1010,3,4
0x2b09...f7e2,187,5,1
0x2b1d...87e0,151,5,1
0x2b2d...4b9a,500,4,2
0x2b2d...4b9a,500,4,2
0x2bc9...faed,154,5,1
0x2c0b...afc3,1001,3,4
0x2c0b...afc3,1001,3,4
0x2c0b...afc3,1001,3,4
0x2c0b...afc3,1001,3,4
0x2c8c...e80b,150,5,1
0x2ce3...1635,503,4,2
0x2ce3...1635,503,4,2
0x2d6c...0116,155,5,1
0x2dc4...35e7,503,4,2
0x2dc4...35e7,503,4,2
0x2e56...e83d,1222,3,4
0x2e56...e83d,1222,3,4
0x2e56...e83d,1222,3,4
0x2e56...e83d,1222,3,4
0x2fbe...373a,500,4,2
0x2fbe...373a,500,4,2
0x301e...d2c2,160,5,1
0x3033...d915,500,4,2
0x3033...d915,500,4,2
0x30d9...f7cb,1000,3,4
0x30d9...f7cb,1000,3,4
0x30d9...f7cb,1000,3,4
0x30d9...f7cb,1000,3,4
0x30ee...19e7,150,5,1
0x3146...af50,1272,3,5
0x3146...af50,1272,3,5
0x3146...af50,1272,3,5
0x3146...af50,1272,3,5
0x3146...af50,1272,3,5
0x31e2...a737,152,5,1
0x31f6...7f4a,150,5,1
0x3205...b960,150,5,1
0x3238...5564,500,4,2
0x3238...5564,500,4,2
0x3243...904c,203,5,1
0x3265...6426,150,5,1
0x3287...7408,1040,3,4
0x3287...7408,1040,3,4
0x3287...7408,1040,3,4
0x3287...7408,1040,3,4
0x32c7...2e94,203,5,1
0x32e6...84e0,1004,3,4
0x32e6...84e0,1004,3,4
0x32e6...84e0,1004,3,4
0x32e6...84e0,1004,3,4
0x32e6...154c,505,4,2
0x32e6...154c,505,4,2
0x34b0...2bf8,502,4,2
0x34b0...2bf8,502,4,2
0x34cb...1d0d,509,4,2
0x34cb...1d0d,509,4,2
0x34dc...a523,1008,3,4
0x34dc...a523,1008,3,4
0x34dc...a523,1008,3,4
0x34dc...a523,1008,3,4
0x350a...ba66,1027,3,4
0x350a...ba66,1027,3,4
0x350a...ba66,1027,3,4
0x350a...ba66,1027,3,4
0x354f...63d4,1053,3,4
0x354f...63d4,1053,3,4
0x354f...63d4,1053,3,4
0x354f...63d4,1053,3,4
0x3567...2dae,500,4,2
0x3567...2dae,500,4,2
0x356a...c5c1,1661,3,6
0x356a...c5c1,1661,3,6
0x356a...c5c1,1661,3,6
0x356a...c5c1,1661,3,6
0x356a...c5c1,1661,3,6
0x356a...c5c1,1661,3,6
0x3577...d5d0,206,5,1
0x35a2...4b81,1503,3,6
0x35a2...4b81,1503,3,6
0x35a2...4b81,1503,3,6
0x35a2...4b81,1503,3,6
0x35a2...4b81,1503,3,6
0x35a2...4b81,1503,3,6
0x35a5...0963,1257,3,5
0x35a5...0963,1257,3,5
0x35a5...0963,1257,3,5
0x35a5...0963,1257,3,5
0x35a5...0963,1257,3,5
0x35ad...7204,652,4,2
0x35ad...7204,652,4,2
0x360f...cc95,1000,3,4
0x360f...cc95,1000,3,4
0x360f...cc95,1000,3,4
0x360f...cc95,1000,3,4
0x3667...f4b8,158,5,1
0x36e0...52bd,1000,3,4
0x36e0...52bd,1000,3,4
0x36e0...52bd,1000,3,4
0x36e0...52bd,1000,3,4
0x3719...215c,195,5,1
0x3737...e8b1,340,5,1
0x373b...ce96,151,5,1
0x380d...b101,503,4,2
0x380d...b101,503,4,2
0x3890...3a5c,502,4,2
0x3890...3a5c,502,4,2
0x38ed...7314,150,5,1
0x3958...f104,150,5,1
0x3986...6f04,154,5,1
0x398e...2a18,151,5,1
0x39a9...586a,1002,3,4
0x39a9...586a,1002,3,4
0x39a9...586a,1002,3,4
0x39a9...586a,1002,3,4
0x3a09...9cc5,1006,3,4
0x3a09...9cc5,1006,3,4
0x3a09...9cc5,1006,3,4
0x3a09...9cc5,1006,3,4
0x3a10...9476,162,5,1
0x3a4a...e3d6,180,5,1
0x3a73...4ad7,1028,3,4
0x3a73...4ad7,1028,3,4
0x3a73...4ad7,1028,3,4
0x3a73...4ad7,1028,3,4
0x3a96...f08c,1001,3,4
0x3a96...f08c,1001,3,4
0x3a96...f08c,1001,3,4
0x3a96...f08c,1001,3,4
0x3aab...f261,153,5,1
0x3aed...091a,407,5,1
0x3b7b...7245,501,4,2
0x3b7b...7245,501,4,2
0x3bb7...305c,501,4,2
0x3bb7...305c,501,4,2
0x3bd2...5e17,250,5,1
0x3c7b...b82c,1016,3,4
0x3c7b...b82c,1016,3,4
0x3c7b...b82c,1016,3,4
0x3c7b...b82c,1016,3,4
0x3d52...0e63,1521,3,6
0x3d52...0e63,1521,3,6
0x3d52...0e63,1521,3,6
0x3d52...0e63,1521,3,6
0x3d52...0e63,1521,3,6
0x3d52...0e63,1521,3,6
0x3d5d...3d7e,151,5,1
0x3dba...e310,1000,3,4
0x3dba...e310,1000,3,4
0x3dba...e310,1000,3,4
0x3dba...e310,1000,3,4
0x3dc4...51cf,501,4,2
0x3dc4...51cf,501,4,2
0x3e4b...314b,1027,3,4
0x3e4b...314b,1027,3,4
0x3e4b...314b,1027,3,4
0x3e4b...314b,1027,3,4
0x3e68...c119,509,4,2
0x3e68...c119,509,4,2
0x3ed1...d451,1084,3,4
0x3ed1...d451,1084,3,4
0x3ed1...d451,1084,3,4
0x3ed1...d451,1084,3,4
0x3fb9...80b2,150,5,1
0x4006...6d15,157,5,1
0x4047...697b,150,5,1
0x409b...9f00,150,5,1
0x40a6...0741,162,5,1
0x4116...64cf,1010,3,4
0x4116...64cf,1010,3,4
0x4116...64cf,1010,3,4
0x4116...64cf,1010,3,4
0x416b...6730,1000,3,4
0x416b...6730,1000,3,4
0x416b...6730,1000,3,4
0x416b...6730,1000,3,4
0x4186...8cff,151,5,1
0x418b...a5dd,1070,3,4
0x418b...a5dd,1070,3,4
0x418b...a5dd,1070,3,4
0x418b...a5dd,1070,3,4
0x41ad...c4fa,153,5,1
0x41f2...e9b7,1000,3,4
0x41f2...e9b7,1000,3,4
0x41f2...e9b7,1000,3,4
0x41f2...e9b7,1000,3,4
0x4225...20da,1000,3,4
0x4225...20da,1000,3,4
0x4225...20da,1000,3,4
0x4225...20da,1000,3,4
0x422c...c5dd,1000,3,4
0x422c...c5dd,1000,3,4
0x422c...c5dd,1000,3,4
0x422c...c5dd,1000,3,4
0x4254...b20f,1000,3,4
0x4254...b20f,1000,3,4
0x4254...b20f,1000,3,4
0x4254...b20f,1000,3,4
0x4268...ecc8,150,5,1
0x42e2...fb22,1000,3,4
0x42e2...fb22,1000,3,4
0x42e2...fb22,1000,3,4
0x42e2...fb22,1000,3,4
0x431b...32b6,159,5,1
0x4362...c417,1001,3,4
0x4362...c417,1001,3,4
0x4362...c417,1001,3,4
0x4362...c417,1001,3,4
0x4393...1d4e,1000,3,4
0x4393...1d4e,1000,3,4
0x4393...1d4e,1000,3,4
0x4393...1d4e,1000,3,4
0x43ba...7162,1014,3,4
0x43ba...7162,1014,3,4
0x43ba...7162,1014,3,4
0x43ba...7162,1014,3,4
0x4448...07ee,1036,3,4
0x4448...07ee,1036,3,4
0x4448...07ee,1036,3,4
0x4448...07ee,1036,3,4
0x448b...7f83,150,5,1
0x44c9...e42e,500,4,2
0x44c9...e42e,500,4,2
0x4590...662b,157,5,1
0x4596...bb2a,152,5,1
0x4660...9980,1000,3,4
0x4660...9980,1000,3,4
0x4660...9980,1000,3,4
0x4660...9980,1000,3,4
0x467d...ae69,160,5,1
0x4693...b6df,213,5,1
0x46db...df70,513,4,2
0x46db...df70,513,4,2
0x470f...8b95,1038,3,4
0x470f...8b95,1038,3,4
0x470f...8b95,1038,3,4
0x470f...8b95,1038,3,4
0x4761...e31f,502,4,2
0x4761...e31f,502,4,2
0x490e...4d0a,503,4,2
0x490e...4d0a,503,4,2
0x495e...d23b,175,5,1
0x4a51...6b04,503,4,2
0x4a51...6b04,503,4,2
0x4a9c...cb66,151,5,1
0x4b05...7b5c,1250,3,5
0x4b05...7b5c,1250,3,5
0x4b05...7b5c,1250,3,5
0x4b05...7b5c,1250,3,5
0x4b05...7b5c,1250,3,5
0x4b15...5a47,152,5,1
0x4b54...36a0,503,4,2
0x4b54...36a0,503,4,2
0x4ba1...213e,160,5,1
0x4bf0...8e01,150,5,1
0x4cad...f9be,1543,3,6
0x4cad...f9be,1543,3,6
0x4cad...f9be,1543,3,6
0x4cad...f9be,1543,3,6
0x4cad...f9be,1543,3,6
0x4cad...f9be,1543,3,6
0x4cd9...41ba,150,5,1
0x4ce7...4244,365,5,1
0x4ced...32d6,669,4,2
0x4ced...32d6,669,4,2
0x4cf2...f852,1013,3,4
0x4cf2...f852,1013,3,4
0x4cf2...f852,1013,3,4
0x4cf2...f852,1013,3,4
0x4d9d...ae22,153,5,1
0x4db1...8220,160,5,1
0x4db3...bc3f,151,5,1
0x4e1c...1ea8,500,4,2
0x4e1c...1ea8,500,4,2
0x4e54...69bf,1000,3,4
0x4e54...69bf,1000,3,4
0x4e54...69bf,1000,3,4
0x4e54...69bf,1000,3,4
0x4e65...c954,1000,3,4
0x4e65...c954,1000,3,4
0x4e65...c954,1000,3,4
0x4e65...c954,1000,3,4
0x4e66...db70,150,5,1
0x4e70...711e,150,5,1
0x4e9b...39d6,362,5,1
0x4e9c...6d06,150,5,1
0x4edd...d2c0,152,5,1
0x4ee0...3d17,1005,3,4
0x4ee0...3d17,1005,3,4
0x4ee0...3d17,1005,3,4
0x4ee0...3d17,1005,3,4
0x4eff...98b5,150,5,1
0x4f25...2ef1,150,5,1
0x4f2e...4360,1150,3,4
0x4f2e...4360,1150,3,4
0x4f2e...4360,1150,3,4
0x4f2e...4360,1150,3,4
0x4f3f...4a31,152,5,1
0x4f50...4815,1005,3,4
0x4f50...4815,1005,3,4
0x4f50...4815,1005,3,4
0x4f50...4815,1005,3,4
0x4f7c...30d7,346,5,1
0x4f83...e1b6,1013,3,4
0x4f83...e1b6,1013,3,4
0x4f83...e1b6,1013,3,4
0x4f83...e1b6,1013,3,4
0x4fa8...0133,1884,3,7
0x4fa8...0133,1884,3,7
0x4fa8...0133,1884,3,7
0x4fa8...0133,1884,3,7
0x4fa8...0133,1884,3,7
0x4fa8...0133,1884,3,7
0x4fa8...0133,1884,3,7
0x4fbc...90e1,2029,3,8
0x4fbc...90e1,2029,3,8
0x4fbc...90e1,2029,3,8
0x4fbc...90e1,2029,3,8
0x4fbc...90e1,2029,3,8
0x4fbc...90e1,2029,3,8
0x4fbc...90e1,2029,3,8
0x4fbc...90e1,2029,3,8
0x4ffb...8afc,150,5,1
0x5037...62ce,158,5,1
0x5072...9de1,1069,3,4
0x5072...9de1,1069,3,4
0x5072...9de1,1069,3,4
0x5072...9de1,1069,3,4
0x5142...5013,503,4,2
0x5142...5013,503,4,2
0x51b4...1236,155,5,1
0x51bd...dd53,199,5,1
0x522e...691d,633,4,2
0x522e...691d,633,4,2
0x52c2...fac9,150,5,1
0x52ce...122c,510,4,2
0x52ce...122c,510,4,2
0x52f8...7434,150,5,1
0x5358...76fc,1045,3,4
0x5358...76fc,1045,3,4
0x5358...76fc,1045,3,4
0x5358...76fc,1045,3,4
0x5390...462f,503,4,2
0x5390...462f,503,4,2
0x53c4...acda,1000,3,4
0x53c4...acda,1000,3,4
0x53c4...acda,1000,3,4
0x53c4...acda,1000,3,4
0x53d7...28ac,1000,3,4
0x53d7...28ac,1000,3,4
0x53d7...28ac,1000,3,4
0x53d7...28ac,1000,3,4
0x5427...dc66,150,5,1
0x5466...f544,511,4,2
0x5466...f544,511,4,2
0x54ad...5a27,1011,3,4
0x54ad...5a27,1011,3,4
0x54ad...5a27,1011,3,4
0x54ad...5a27,1011,3,4
0x54f9...03dc,500,4,2
0x54f9...03dc,500,4,2
0x55b9...20f7,500,4,2
0x55b9...20f7,500,4,2
0x5602...6791,1005,3,4
0x5602...6791,1005,3,4
0x5602...6791,1005,3,4
0x5602...6791,1005,3,4
0x5631...7d9e,150,5,1
0x56af...6efc,150,5,1
0x56e5...ad54,166,5,1
0x570c...e9d0,1049,3,4
0x570c...e9d0,1049,3,4
0x570c...e9d0,1049,3,4
0x570c...e9d0,1049,3,4
0x571a...e2e1,155,5,1
0x5775...52fb,153,5,1
0x579a...d5e5,1002,3,4
0x579a...d5e5,1002,3,4
0x579a...d5e5,1002,3,4
0x579a...d5e5,1002,3,4
0x57fb...cbbb,2006,3,8
0x57fb...cbbb,2006,3,8
0x57fb...cbbb,2006,3,8
0x57fb...cbbb,2006,3,8
0x57fb...cbbb,2006,3,8
0x57fb...cbbb,2006,3,8
0x57fb...cbbb,2006,3,8
0x57fb...cbbb,2006,3,8
0x5827...ec05,220,5,1
0x584d...14ac,1025,3,4
0x584d...14ac,1025,3,4
0x584d...14ac,1025,3,4
0x584d...14ac,1025,3,4
0x586b...4f10,503,4,2
0x586b...4f10,503,4,2
0x58db...2ba4,157,5,1
0x591b...e4be,501,4,2
0x591b...e4be,501,4,2
0x5948...f6a8,1000,3,4
0x5948...f6a8,1000,3,4
0x5948...f6a8,1000,3,4
0x5948...f6a8,1000,3,4
0x5a01...0760,1000,3,4
0x5a01...0760,1000,3,4
0x5a01...0760,1000,3,4
0x5a01...0760,1000,3,4
0x5b19...fd83,150,5,1
0x5b97...67dc,154,5,1
0x5baa...0348,515,4,2
0x5baa...0348,515,4,2
0x5be2...f5bf,531,4,2
0x5be2...f5bf,531,4,2
0x5bff...9ef5,163,5,1
0x5c22...c7ec,160,5,1
0x5c4e...3f72,501,4,2
0x5c4e...3f72,501,4,2
0x5c50...437c,1050,3,4
0x5c50...437c,1050,3,4
0x5c50...437c,1050,3,4
0x5c50...437c,1050,3,4
0x5c98...e3cb,1549,3,6
0x5c98...e3cb,1549,3,6
0x5c98...e3cb,1549,3,6
0x5c98...e3cb,1549,3,6
0x5c98...e3cb,1549,3,6
0x5c98...e3cb,1549,3,6
0x5d88...1495,1000,3,4
0x5d88...1495,1000,3,4
0x5d88...1495,1000,3,4
0x5d88...1495,1000,3,4
0x5dcf...ded7,1057,3,4
0x5dcf...ded7,1057,3,4
0x5dcf...ded7,1057,3,4
0x5dcf...ded7,1057,3,4
0x5e5a...e622,500,4,2
0x5e5a...e622,500,4,2
0x6046...7e57,1007,3,4
0x6046...7e57,1007,3,4
0x6046...7e57,1007,3,4
0x6046...7e57,1007,3,4
0x607c...393d,506,4,2
0x607c...393d,506,4,2
0x608b...dc47,500,4,2
0x608b...dc47,500,4,2
0x61e2...ebf1,1010,3,4
0x61e2...ebf1,1010,3,4
0x61e2...ebf1,1010,3,4
0x61e2...ebf1,1010,3,4
0x61f4...75d3,1002,3,4
0x61f4...75d3,1002,3,4
0x61f4...75d3,1002,3,4
0x61f4...75d3,1002,3,4
0x622a...49c8,1001,3,4
0x622a...49c8,1001,3,4
0x622a...49c8,1001,3,4
0x622a...49c8,1001,3,4
0x6265...c58a,1151,3,4
0x6265...c58a,1151,3,4
0x6265...c58a,1151,3,4
0x6265...c58a,1151,3,4
0x626f...8ab0,1010,3,4
0x626f...8ab0,1010,3,4
0x626f...8ab0,1010,3,4
0x626f...8ab0,1010,3,4
0x627b...2909,155,5,1
0x630c...1010,170,5,1
0x6419...d475,151,5,1
0x6437...c60e,1000,3,4
0x6437...c60e,1000,3,4
0x6437...c60e,1000,3,4
0x6437...c60e,1000,3,4
0x644c...b31a,1002,3,4
0x644c...b31a,1002,3,4
0x644c...b31a,1002,3,4
0x644c...b31a,1002,3,4
0x64a2...e289,502,4,2
0x64a2...e289,502,4,2
0x64c8...9100,1007,3,4
0x64c8...9100,1007,3,4
0x64c8...9100,1007,3,4
0x64c8...9100,1007,3,4
0x64ee...6ac0,150,5,1
0x6516...4073,184,5,1
0x65ac...117f,1000,3,4
0x65ac...117f,1000,3,4
0x65ac...117f,1000,3,4
0x65ac...117f,1000,3,4
0x65f5...6b31,572,4,2
0x65f5...6b31,572,4,2
0x6621...994b,1005,3,4
0x6621...994b,1005,3,4
0x6621...994b,1005,3,4
0x6621...994b,1005,3,4
0x6625...ca6a,1086,3,4
0x6625...ca6a,1086,3,4
0x6625...ca6a,1086,3,4
0x6625...ca6a,1086,3,4
0x6632...bc0b,1052,3,4
0x6632...bc0b,1052,3,4
0x6632...bc0b,1052,3,4
0x6632...bc0b,1052,3,4
0x6641...e72e,1002,3,4
0x6641...e72e,1002,3,4
0x6641...e72e,1002,3,4
0x6641...e72e,1002,3,4
0x66be...5347,517,4,2
0x66be...5347,517,4,2
0x6725...264b,500,4,2
0x6725...264b,500,4,2
0x672c...60e5,157,5,1
0x6796...8ee6,150,5,1
0x679d...ebfe,1094,3,4
0x679d...ebfe,1094,3,4
0x679d...ebfe,1094,3,4
0x679d...ebfe,1094,3,4
0x67a8...2eb6,503,4,2
0x67a8...2eb6,503,4,2
0x680a...05be,504,4,2
0x680a...05be,504,4,2
0x6849...8e0c,189,5,1
0x685c...8bc9,1085,3,4
0x685c...8bc9,1085,3,4
0x685c...8bc9,1085,3,4
0x685c...8bc9,1085,3,4
0x68a1...23cc,150,5,1
0x68b3...16db,674,4,2
0x68b3...16db,674,4,2
0x68c3...c44c,153,5,1
0x68da...8e9a,1000,3,4
0x68da...8e9a,1000,3,4
0x68da...8e9a,1000,3,4
0x68da...8e9a,1000,3,4
0x68ee...0ad8,169,5,1
0x6932...1424,224,5,1
0x6934...9345,150,5,1
0x696a...a56c,500,4,2
0x696a...a56c,500,4,2
0x6997...64fd,1021,3,4
0x6997...64fd,1021,3,4
0x6997...64fd,1021,3,4
0x6997...64fd,1021,3,4
0x69d2...eb80,1529,3,6
0x69d2...eb80,1529,3,6
0x69d2...eb80,1529,3,6
0x69d2...eb80,1529,3,6
0x69d2...eb80,1529,3,6
0x69d2...eb80,1529,3,6
0x6a5f...ccd4,1000,3,4
0x6a5f...ccd4,1000,3,4
0x6a5f...ccd4,1000,3,4
0x6a5f...ccd4,1000,3,4
0x6ac6...680b,1000,3,4
0x6ac6...680b,1000,3,4
0x6ac6...680b,1000,3,4
0x6ac6...680b,1000,3,4
0x6adc...08fc,150,5,1
0x6b24...2c4e,1000,3,4
0x6b24...2c4e,1000,3,4
0x6b24...2c4e,1000,3,4
0x6b24...2c4e,1000,3,4
0x6b2b...fb65,1016,3,4
0x6b2b...fb65,1016,3,4
0x6b2b...fb65,1016,3,4
0x6b2b...fb65,1016,3,4
0x6b4d...8d1a,150,5,1
0x6b9b...1b58,500,4,2
0x6b9b...1b58,500,4,2
0x6be2...8b26,150,5,1
0x6c17...a444,1000,3,4
0x6c17...a444,1000,3,4
0x6c17...a444,1000,3,4
0x6c17...a444,1000,3,4
0x6cce...29fc,500,4,2
0x6cce...29fc,500,4,2
0x6e42...34c0,170,5,1
0x6eb4...03e4,2000,3,8
0x6eb4...03e4,2000,3,8
0x6eb4...03e4,2000,3,8
0x6eb4...03e4,2000,3,8
0x6eb4...03e4,2000,3,8
0x6eb4...03e4,2000,3,8
0x6eb4...03e4,2000,3,8
0x6eb4...03e4,2000,3,8
0x6f83...ab5c,151,5,1
0x6fbb...6167,500,4,2
0x6fbb...6167,500,4,2
0x6fd6...d7c7,1022,3,4
0x6fd6...d7c7,1022,3,4
0x6fd6...d7c7,1022,3,4
0x6fd6...d7c7,1022,3,4
0x70cc...c649,1000,3,4
0x70cc...c649,1000,3,4
0x70cc...c649,1000,3,4
0x70cc...c649,1000,3,4
0x70e3...3ab5,200,5,1
0x70f8...df1a,156,5,1
0x712a...b78e,156,5,1
0x7160...8796,158,5,1
0x7161...120e,153,5,1
0x71ec...d3be,150,5,1
0x725b...924f,1000,3,4
0x725b...924f,1000,3,4
0x725b...924f,1000,3,4
0x725b...924f,1000,3,4
0x72cb...1d86,500,4,2
0x72cb...1d86,500,4,2
0x7358...bfea,1012,3,4
0x7358...bfea,1012,3,4
0x7358...bfea,1012,3,4
0x7358...bfea,1012,3,4
0x7362...4b22,1000,3,4
0x7362...4b22,1000,3,4
0x7362...4b22,1000,3,4
0x7362...4b22,1000,3,4
0x736c...c7b5,501,4,2
0x736c...c7b5,501,4,2
0x73a9...8054,208,5,1
0x73b6...82f8,1026,3,4
0x73b6...82f8,1026,3,4
0x73b6...82f8,1026,3,4
0x73b6...82f8,1026,3,4
0x7422...b8a7,500,4,2
0x7422...b8a7,500,4,2
0x7427...3f3e,157,5,1
0x7457...93f4,1000,3,4
0x7457...93f4,1000,3,4
0x7457...93f4,1000,3,4
0x7457...93f4,1000,3,4
0x7463...0124,1046,3,4
0x7463...0124,1046,3,4
0x7463...0124,1046,3,4
0x7463...0124,1046,3,4
0x758b...6378,150,5,1
0x7591...c6e2,1001,3,4
0x7591...c6e2,1001,3,4
0x7591...c6e2,1001,3,4
0x7591...c6e2,1001,3,4
0x7655...8363,207,5,1
0x7676...112d,151,5,1
0x7676...9973,150,5,1
0x76b6...88d8,675,4,2
0x76b6...88d8,675,4,2
0x76bc...1ad3,150,5,1
0x76db...ec6a,189,5,1
0x76f3...03db,150,5,1
0x774f...991c,154,5,1
0x77e3...3026,150,5,1
0x7820...a730,1009,3,4
0x7820...a730,1009,3,4
0x7820...a730,1009,3,4
0x7820...a730,1009,3,4
0x7841...8dbc,1000,3,4
0x7841...8dbc,1000,3,4
0x7841...8dbc,1000,3,4
0x7841...8dbc,1000,3,4
0x787b...b396,154,5,1
0x787d...e18e,1000,3,4
0x787d...e18e,1000,3,4
0x787d...e18e,1000,3,4
0x787d...e18e,1000,3,4
0x78d0...ba97,300,5,1
0x7934...be39,1118,3,4
0x7934...be39,1118,3,4
0x7934...be39,1118,3,4
0x7934...be39,1118,3,4
0x794c...7bbe,150,5,1
0x79d8...acf9,500,4,2
0x79d8...acf9,500,4,2
0x79f1...cb4c,1001,3,4
0x79f1...cb4c,1001,3,4
0x79f1...cb4c,1001,3,4
0x79f1...cb4c,1001,3,4
0x79fd...cae3,155,5,1
0x7a01...6b01,253,5,1
0x7a71...ef5c,153,5,1
0x7b10...cba6,1000,3,4
0x7b10...cba6,1000,3,4
0x7b10...cba6,1000,3,4
0x7b10...cba6,1000,3,4
0x7b1a...006a,169,5,1
0x7b56...57a2,1011,3,4
0x7b56...57a2,1011,3,4
0x7b56...57a2,1011,3,4
0x7b56...57a2,1011,3,4
0x7bbc...eadf,500,4,2
0x7bbc...eadf,500,4,2
0x7c0d...2e22,223,5,1
0x7c11...8a44,1006,3,4
0x7c11...8a44,1006,3,4
0x7c11...8a44,1006,3,4
0x7c11...8a44,1006,3,4
0x7c5a...2afe,174,5,1
0x7cbd...d05d,2001,3,8
0x7cbd...d05d,2001,3,8
0x7cbd...d05d,2001,3,8
0x7cbd...d05d,2001,3,8
0x7cbd...d05d,2001,3,8
0x7cbd...d05d,2001,3,8
0x7cbd...d05d,2001,3,8
0x7cbd...d05d,2001,3,8
0x7cdd...a398,1000,3,4
0x7cdd...a398,1000,3,4
0x7cdd...a398,1000,3,4
0x7cdd...a398,1000,3,4
0x7e00...7cc2,153,5,1
0x7e50...e5d3,1100,3,4
0x7e50...e5d3,1100,3,4
0x7e50...e5d3,1100,3,4
0x7e50...e5d3,1100,3,4
0x7ef4...5370,1554,3,6
0x7ef4...5370,1554,3,6
0x7ef4...5370,1554,3,6
0x7ef4...5370,1554,3,6
0x7ef4...5370,1554,3,6
0x7ef4...5370,1554,3,6
0x7f1b...4bfa,1000,3,4
0x7f1b...4bfa,1000,3,4
0x7f1b...4bfa,1000,3,4
0x7f1b...4bfa,1000,3,4
0x8011...d0bb,150,5,1
0x8021...2a4b,317,5,1
0x80e7...88b7,1001,3,4
0x80e7...88b7,1001,3,4
0x80e7...88b7,1001,3,4
0x80e7...88b7,1001,3,4
0x80f1...ef5c,552,4,2
0x80f1...ef5c,552,4,2
0x8189...c167,201,5,1
0x819f...c13e,202,5,1
0x81dc...b794,1004,3,4
0x81dc...b794,1004,3,4
0x81dc...b794,1004,3,4
0x81dc...b794,1004,3,4
0x81e3...4f5f,1000,3,4
0x81e3...4f5f,1000,3,4
0x81e3...4f5f,1000,3,4
0x81e3...4f5f,1000,3,4
0x8271...e706,150,5,1
0x82b4...c00b,150,5,1
0x82b7...369e,1000,3,4
0x82b7...369e,1000,3,4
0x82b7...369e,1000,3,4
0x82b7...369e,1000,3,4
0x831c...c4e7,1002,3,4
0x831c...c4e7,1002,3,4
0x831c...c4e7,1002,3,4
0x831c...c4e7,1002,3,4
0x833d...29bf,1074,3,4
0x833d...29bf,1074,3,4
0x833d...29bf,1074,3,4
0x833d...29bf,1074,3,4
0x8367...dfd4,150,5,1
0x83a3...a3be,1057,3,4
0x83a3...a3be,1057,3,4
0x83a3...a3be,1057,3,4
0x83a3...a3be,1057,3,4
0x83b3...b566,156,5,1
0x844e...b353,502,4,2
0x844e...b353,502,4,2
0x852e...0eb7,166,5,1
0x8558...e58c,1019,3,4
0x8558...e58c,1019,3,4
0x8558...e58c,1019,3,4
0x8558...e58c,1019,3,4
0x8571...49ce,500,4,2
0x8571...49ce,500,4,2
0x85b8...c928,1095,3,4
0x85b8...c928,1095,3,4
0x85b8...c928,1095,3,4
0x85b8...c928,1095,3,4
0x8639...1063,1001,3,4
0x8639...1063,1001,3,4
0x8639...1063,1001,3,4
0x8639...1063,1001,3,4
0x868e...b7e6,501,4,2
0x868e...b7e6,501,4,2
0x86de...cd92,150,5,1
0x86ef...3197,154,5,1
0x86fe...f277,152,5,1
0x876c...8f48,150,5,1
0x8771...eb0a,155,5,1
0x8776...eb89,252,5,1
0x87d2...07b0,500,4,2
0x87d2...07b0,500,4,2
0x87e9...a142,2162,3,8
0x87e9...a142,2162,3,8
0x87e9...a142,2162,3,8
0x87e9...a142,2162,3,8
0x87e9...a142,2162,3,8
0x87e9...a142,2162,3,8
0x87e9...a142,2162,3,8
0x87e9...a142,2162,3,8
0x87f5...a695,1033,3,4
0x87f5...a695,1033,3,4
0x87f5...a695,1033,3,4
0x87f5...a695,1033,3,4
0x8881...06c3,1000,3,4
0x8881...06c3,1000,3,4
0x8881...06c3,1000,3,4
0x8881...06c3,1000,3,4
0x888b...847b,1004,3,4
0x888b...847b,1004,3,4
0x888b...847b,1004,3,4
0x888b...847b,1004,3,4
0x88bf...6ad3,226,5,1
0x88f3...a870,150,5,1
0x891e...5c44,186,5,1
0x8932...fa21,1000,3,4
0x8932...fa21,1000,3,4
0x8932...fa21,1000,3,4
0x8932...fa21,1000,3,4
0x89e4...c382,160,5,1
0x8a42...be70,150,5,1
0x8a71...3945,1152,3,4
0x8a71...3945,1152,3,4
0x8a71...3945,1152,3,4
0x8a71...3945,1152,3,4
0x8a8a...c796,1002,3,4
0x8a8a...c796,1002,3,4
0x8a8a...c796,1002,3,4
0x8a8a...c796,1002,3,4
0x8b96...4476,150,5,1
0x8bfb...2558,1007,3,4
0x8bfb...2558,1007,3,4
0x8bfb...2558,1007,3,4
0x8bfb...2558,1007,3,4
0x8c43...872a,1021,3,4
0x8c43...872a,1021,3,4
0x8c43...872a,1021,3,4
0x8c43...872a,1021,3,4
0x8c4c...dd4e,505,4,2
0x8c4c...dd4e,505,4,2
0x8c5a...8942,1462,3,5
0x8c5a...8942,1462,3,5
0x8c5a...8942,1462,3,5
0x8c5a...8942,1462,3,5
0x8c5a...8942,1462,3,5
0x8c7f...4619,154,5,1
0x8ca9...45d2,1001,3,4
0x8ca9...45d2,1001,3,4
0x8ca9...45d2,1001,3,4
0x8ca9...45d2,1001,3,4
0x8ceb...f1ee,1009,3,4
0x8ceb...f1ee,1009,3,4
0x8ceb...f1ee,1009,3,4
0x8ceb...f1ee,1009,3,4
0x8cec...4805,226,5,1
0x8d21...7ce0,173,5,1
0x8d4d...b01a,150,5,1
0x8dba...6a76,151,5,1
0x8e5e...a80f,1010,3,4
0x8e5e...a80f,1010,3,4
0x8e5e...a80f,1010,3,4
0x8e5e...a80f,1010,3,4
0x8f23...3e2f,550,4,2
0x8f23...3e2f,550,4,2
0x8f7a...70e4,500,4,2
0x8f7a...70e4,500,4,2
0x8f86...0fb2,1315,3,5
0x8f86...0fb2,1315,3,5
0x8f86...0fb2,1315,3,5
0x8f86...0fb2,1315,3,5
0x8f86...0fb2,1315,3,5
0x8f99...3fe9,150,5,1
0x8fb0...b198,168,5,1
0x8fdd...5d91,501,4,2
0x8fdd...5d91,501,4,2
0x9003...76d2,154,5,1
0x9034...2130,154,5,1
0x9054...3e47,1021,3,4
0x9054...3e47,1021,3,4
0x9054...3e47,1021,3,4
0x9054...3e47,1021,3,4
0x9057...9185,170,5,1
0x9084...9723,175,5,1
0x90a1...0ac8,500,4,2
0x90a1...0ac8,500,4,2
0x9121...39f5,1010,3,4
0x9121...39f5,1010,3,4
0x9121...39f5,1010,3,4
0x9121...39f5,1010,3,4
0x914d...0774,504,4,2
0x914d...0774,504,4,2
0x9165...e6a0,155,5,1
0x9221...dfef,150,5,1
0x9264...e2d8,1001,3,4
0x9264...e2d8,1001,3,4
0x9264...e2d8,1001,3,4
0x9264...e2d8,1001,3,4
0x9279...bec9,500,4,2
0x9279...bec9,500,4,2
0x9305...6f93,300,5,1
0x933d...b244,1077,3,4
0x933d...b244,1077,3,4
0x933d...b244,1077,3,4
0x933d...b244,1077,3,4
0x93b6...cf89,1012,3,4
0x93b6...cf89,1012,3,4
0x93b6...cf89,1012,3,4
0x93b6...cf89,1012,3,4
0x93cf...f568,1010,3,4
0x93cf...f568,1010,3,4
0x93cf...f568,1010,3,4
0x93cf...f568,1010,3,4
0x93f5...b0ed,157,5,1
0x93fd...bd88,151,5,1
0x94d5...1116,506,4,2
0x94d5...1116,506,4,2
0x9530...6cfa,510,4,2
0x9530...6cfa,510,4,2
0x95f4...3b04,1009,3,4
0x95f4...3b04,1009,3,4
0x95f4...3b04,1009,3,4
0x95f4...3b04,1009,3,4
0x960d...f00f,180,5,1
0x962e...ad1b,240,5,1
0x977b...772c,500,4,2
0x977b...772c,500,4,2
0x97a8...cd95,1219,3,4
0x97a8...cd95,1219,3,4
0x97a8...cd95,1219,3,4
0x97a8...cd95,1219,3,4
0x97d3...a281,1001,3,4
0x97d3...a281,1001,3,4
0x97d3...a281,1001,3,4
0x97d3...a281,1001,3,4
0x980b...53a2,2001,3,8
0x980b...53a2,2001,3,8
0x980b...53a2,2001,3,8
0x980b...53a2,2001,3,8
0x980b...53a2,2001,3,8
0x980b...53a2,2001,3,8
0x980b...53a2,2001,3,8
0x980b...53a2,2001,3,8
0x9885...4289,1003,3,4
0x9885...4289,1003,3,4
0x9885...4289,1003,3,4
0x9885...4289,1003,3,4
0x98a6...ae5a,1000,3,4
0x98a6...ae5a,1000,3,4
0x98a6...ae5a,1000,3,4
0x98a6...ae5a,1000,3,4
0x98c7...8bbd,152,5,1
0x991f...4be1,1000,3,4
0x991f...4be1,1000,3,4
0x991f...4be1,1000,3,4
0x991f...4be1,1000,3,4
0x9980...4f3b,1007,3,4
0x9980...4f3b,1007,3,4
0x9980...4f3b,1007,3,4
0x9980...4f3b,1007,3,4
0x99f6...a375,1006,3,4
0x99f6...a375,1006,3,4
0x99f6...a375,1006,3,4
0x99f6...a375,1006,3,4
0x9a08...7205,1006,3,4
0x9a08...7205,1006,3,4
0x9a08...7205,1006,3,4
0x9a08...7205,1006,3,4
0x9a33...34bf,1006,3,4
0x9a33...34bf,1006,3,4
0x9a33...34bf,1006,3,4
0x9a33...34bf,1006,3,4
0x9a63...9976,156,5,1
0x9acf...7817,1304,3,5
0x9acf...7817,1304,3,5
0x9acf...7817,1304,3,5
0x9acf...7817,1304,3,5
0x9acf...7817,1304,3,5
0x9b8e...6f68,156,5,1
0x9bb9...0d34,1503,3,6
0x9bb9...0d34,1503,3,6
0x9bb9...0d34,1503,3,6
0x9bb9...0d34,1503,3,6
0x9bb9...0d34,1503,3,6
0x9bb9...0d34,1503,3,6
0x9c4c...f509,1001,3,4
0x9c4c...f509,1001,3,4
0x9c4c...f509,1001,3,4
0x9c4c...f509,1001,3,4
0x9c53...3a13,515,4,2
0x9c53...3a13,515,4,2
0x9d2e...bbe6,500,4,2
0x9d2e...bbe6,500,4,2
0x9de2...5a61,521,4,2
0x9de2...5a61,521,4,2
0x9e7f...805f,150,5,1
0x9ec3...d999,1009,3,4
0x9ec3...d999,1009,3,4
0x9ec3...d999,1009,3,4
0x9ec3...d999,1009,3,4
0x9eff...87f6,500,4,2
0x9eff...87f6,500,4,2
0x9fbf...f1df,150,5,1
0xa03c...0e9e,500,4,2
0xa03c...0e9e,500,4,2
0xa079...50c7,150,5,1
0xa099...dbce,1000,3,4
0xa099...dbce,1000,3,4
0xa099...dbce,1000,3,4
0xa099...dbce,1000,3,4
0xa0dd...f22d,160,5,1
0xa169...6a2e,151,5,1
0xa172...bff0,150,5,1
0xa1fb...6492,1015,3,4
0xa1fb...6492,1015,3,4
0xa1fb...6492,1015,3,4
0xa1fb...6492,1015,3,4
0xa275...6335,1007,3,4
0xa275...6335,1007,3,4
0xa275...6335,1007,3,4
0xa275...6335,1007,3,4
0xa338...a60f,150,5,1
0xa39e...8314,1000,3,4
0xa39e...8314,1000,3,4
0xa39e...8314,1000,3,4
0xa39e...8314,1000,3,4
0xa3ca...907d,1010,3,4
0xa3ca...907d,1010,3,4
0xa3ca...907d,1010,3,4
0xa3ca...907d,1010,3,4
0xa415...5205,160,5,1
0xa417...fb07,1002,3,4
0xa417...fb07,1002,3,4
0xa417...fb07,1002,3,4
0xa417...fb07,1002,3,4
0xa43d...df25,501,4,2
0xa43d...df25,501,4,2
0xa442...cc21,150,5,1
0xa485...bbf2,155,5,1
0xa4a7...f3e6,1001,3,4
0xa4a7...f3e6,1001,3,4
0xa4a7...f3e6,1001,3,4
0xa4a7...f3e6,1001,3,4
0xa52e...8cf5,500,4,2
0xa52e...8cf5,500,4,2
0xa538...8c0e,331,5,1
0xa55f...d148,155,5,1
0xa57c...0d73,1001,3,4
0xa57c...0d73,1001,3,4
0xa57c...0d73,1001,3,4
0xa57c...0d73,1001,3,4
0xa5cb...0e06,538,4,2
0xa5cb...0e06,538,4,2
0xa674...504c,1010,3,4
0xa674...504c,1010,3,4
0xa674...504c,1010,3,4
0xa674...504c,1010,3,4
0xa6c0...1170,150,5,1
0xa7db...30c7,180,5,1
0xa95f...d3de,514,4,2
0xa95f...d3de,514,4,2
0xaa42...ac80,300,5,1
0xaa4e...f3bb,152,5,1
0xaa97...b82d,150,5,1
0xabdb...e5cf,214,5,1
0xac30...74d0,150,5,1
0xac4e...1957,150,5,1
0xac79...7ea1,1016,3,4
0xac79...7ea1,1016,3,4
0xac79...7ea1,1016,3,4
0xac79...7ea1,1016,3,4
0xac84...8ca1,150,5,1
0xacbb...0e5a,522,4,2
0xacbb...0e5a,522,4,2
0xace8...7488,151,5,1
0xacf1...53c2,159,5,1
0xacf1...c686,165,5,1
0xad3f...6606,519,4,2
0xad3f...6606,519,4,2
0xadda...928b,291,5,1
0xae59...83c2,1408,3,5
0xae59...83c2,1408,3,5
0xae59...83c2,1408,3,5
0xae59...83c2,1408,3,5
0xae59...83c2,1408,3,5
0xaee9...f049,500,4,2
0xaee9...f049,500,4,2
0xaf03...87af,1005,3,4
0xaf03...87af,1005,3,4
0xaf03...87af,1005,3,4
0xaf03...87af,1005,3,4
0xaf0e...cbe1,1000,3,4
0xaf0e...cbe1,1000,3,4
0xaf0e...cbe1,1000,3,4
0xaf0e...cbe1,1000,3,4
0xaf7c...494f,150,5,1
0xafc3...a3ff,163,5,1
0xb031...7b17,172,5,1
0xb0ba...e57e,150,5,1
0xb114...7bde,503,4,2
0xb114...7bde,503,4,2
0xb117...1432,1035,3,4
0xb117...1432,1035,3,4
0xb117...1432,1035,3,4
0xb117...1432,1035,3,4
0xb132...3ec5,1000,3,4
0xb132...3ec5,1000,3,4
0xb132...3ec5,1000,3,4
0xb132...3ec5,1000,3,4
0xb133...4f3a,183,5,1
0xb187...a919,506,4,2
0xb187...a919,506,4,2
0xb1c7...38e3,1000,3,4
0xb1c7...38e3,1000,3,4
0xb1c7...38e3,1000,3,4
0xb1c7...38e3,1000,3,4
0xb1c8...7eae,500,4,2
0xb1c8...7eae,500,4,2
0xb1d5...0357,1000,3,4
0xb1d5...0357,1000,3,4
0xb1d5...0357,1000,3,4
0xb1d5...0357,1000,3,4
0xb223...9f2c,150,5,1
0xb231...528b,151,5,1
0xb23c...d62f,150,5,1
0xb29d...3a3b,1001,3,4
0xb29d...3a3b,1001,3,4
0xb29d...3a3b,1001,3,4
0xb29d...3a3b,1001,3,4
0xb2ab...9f67,150,5,1
0xb2e1...efd2,1502,3,6
0xb2e1...efd2,1502,3,6
0xb2e1...efd2,1502,3,6
0xb2e1...efd2,1502,3,6
0xb2e1...efd2,1502,3,6
0xb2e1...efd2,1502,3,6
0xb30f...cb8d,507,4,2
0xb30f...cb8d,507,4,2
0xb3b8...881b,1232,3,4
0xb3b8...881b,1232,3,4
0xb3b8...881b,1232,3,4
0xb3b8...881b,1232,3,4
0xb44f...afb7,153,5,1
0xb463...22c9,500,4,2
0xb463...22c9,500,4,2
0xb488...c98d,1002,3,4
0xb488...c98d,1002,3,4
0xb488...c98d,1002,3,4
0xb488...c98d,1002,3,4
0xb57b...35c8,209,5,1
0xb5ba...3d8a,153,5,1
0xb5e6...94f2,150,5,1
0xb5f9...94f9,1000,3,4
0xb5f9...94f9,1000,3,4
0xb5f9...94f9,1000,3,4
0xb5f9...94f9,1000,3,4
0xb676...5bce,1000,3,4
0xb676...5bce,1000,3,4
0xb676...5bce,1000,3,4
0xb676...5bce,1000,3,4
0xb676...c44c,1000,3,4
0xb676...c44c,1000,3,4
0xb676...c44c,1000,3,4
0xb676...c44c,1000,3,4
0xb677...7add,1012,3,4
0xb677...7add,1012,3,4
0xb677...7add,1012,3,4
0xb677...7add,1012,3,4
0xb6fb...bb62,1032,3,4
0xb6fb...bb62,1032,3,4
0xb6fb...bb62,1032,3,4
0xb6fb...bb62,1032,3,4
0xb737...a2a4,1000,3,4
0xb737...a2a4,1000,3,4
0xb737...a2a4,1000,3,4
0xb737...a2a4,1000,3,4
0xb73a...4568,503,4,2
0xb73a...4568,503,4,2
0xb7c3...7821,1250,3,5
0xb7c3...7821,1250,3,5
0xb7c3...7821,1250,3,5
0xb7c3...7821,1250,3,5
0xb7c3...7821,1250,3,5
0xb7e0...7c5c,1003,3,4
0xb7e0...7c5c,1003,3,4
0xb7e0...7c5c,1003,3,4
0xb7e0...7c5c,1003,3,4
0xb804...8237,1000,3,4
0xb804...8237,1000,3,4
0xb804...8237,1000,3,4
0xb804...8237,1000,3,4
0xb83d...cc34,181,5,1
0xb880...bacd,1000,3,4
0xb880...bacd,1000,3,4
0xb880...bacd,1000,3,4
0xb880...bacd,1000,3,4
0xb8be...c344,152,5,1
0xb8d1...87ae,1113,3,4
0xb8d1...87ae,1113,3,4
0xb8d1...87ae,1113,3,4
0xb8d1...87ae,1113,3,4
0xb8d6...cb2d,167,5,1
0xb905...c9b1,152,5,1
0xb959...9e3e,151,5,1
0xb97a...86c6,500,4,2
0xb97a...86c6,500,4,2
0xb9fd...1c40,1001,3,4
0xb9fd...1c40,1001,3,4
0xb9fd...1c40,1001,3,4
0xb9fd...1c40,1001,3,4
0xba34...3390,1064,3,4
0xba34...3390,1064,3,4
0xba34...3390,1064,3,4
0xba34...3390,1064,3,4
0xbab5...74c5,1018,3,4
0xbab5...74c5,1018,3,4
0xbab5...74c5,1018,3,4
0xbab5...74c5,1018,3,4
0xbb2d...5fd4,168,5,1
0xbb6b...3db4,516,4,2
0xbb6b...3db4,516,4,2
0xbbb9...b813,153,5,1
0xbbcb...0f62,150,5,1
0xbce5...0150,1000,3,4
0xbce5...0150,1000,3,4
0xbce5...0150,1000,3,4
0xbce5...0150,1000,3,4
0xbcf1...8bf7,1011,3,4
0xbcf1...8bf7,1011,3,4
0xbcf1...8bf7,1011,3,4
0xbcf1...8bf7,1011,3,4
0xbcfd...a7ff,1559,3,6
0xbcfd...a7ff,1559,3,6
0xbcfd...a7ff,1559,3,6
0xbcfd...a7ff,1559,3,6
0xbcfd...a7ff,1559,3,6
0xbcfd...a7ff,1559,3,6
0xbd78...afaa,1003,3,4
0xbd78...afaa,1003,3,4
0xbd78...afaa,1003,3,4
0xbd78...afaa,1003,3,4
0xbd84...6a35,1000,3,4
0xbd84...6a35,1000,3,4
0xbd84...6a35,1000,3,4
0xbd84...6a35,1000,3,4
0xbdcb...0e9d,502,4,2
0xbdcb...0e9d,502,4,2
0xbde4...964c,500,4,2
0xbde4...964c,500,4,2
0xbe20...a76d,150,5,1
0xbe28...f26c,153,5,1
0xbe4b...7b74,151,5,1
0xbe68...d837,151,5,1
0xbeaf...1313,1000,3,4
0xbeaf...1313,1000,3,4
0xbeaf...1313,1000,3,4
0xbeaf...1313,1000,3,4
0xbef2...f1b3,1341,3,5
0xbef2...f1b3,1341,3,5
0xbef2...f1b3,1341,3,5
0xbef2...f1b3,1341,3,5
0xbef2...f1b3,1341,3,5
0xbefc...db98,1042,3,4
0xbefc...db98,1042,3,4
0xbefc...db98,1042,3,4
0xbefc...db98,1042,3,4
0xbf27...241c,1000,3,4
0xbf27...241c,1000,3,4
0xbf27...241c,1000,3,4
0xbf27...241c,1000,3,4
0xbf80...32a1,150,5,1
0xbf8d...7fdc,150,5,1
0xc052...808f,355,5,1
0xc066...bc28,150,5,1
0xc0af...89ee,152,5,1
0xc115...2021,151,5,1
0xc159...69c8,160,5,1
0xc1de...41b7,520,4,2
0xc1de...41b7,520,4,2
0xc205...1bda,1027,3,4
0xc205...1bda,1027,3,4
0xc205...1bda,1027,3,4
0xc205...1bda,1027,3,4
0xc20d...ff31,150,5,1
0xc24d...27e8,1000,3,4
0xc24d...27e8,1000,3,4
0xc24d...27e8,1000,3,4
0xc24d...27e8,1000,3,4
0xc29c...9496,153,5,1
0xc2f4...3941,501,4,2
0xc2f4...3941,501,4,2
0xc304...3fb5,1000,3,4
0xc304...3fb5,1000,3,4
0xc304...3fb5,1000,3,4
0xc304...3fb5,1000,3,4
0xc32c...e8eb,1003,3,4
0xc32c...e8eb,1003,3,4
0xc32c...e8eb,1003,3,4
0xc32c...e8eb,1003,3,4
0xc37e...2ca7,1000,3,4
0xc37e...2ca7,1000,3,4
0xc37e...2ca7,1000,3,4
0xc37e...2ca7,1000,3,4
0xc404...a385,2870,3,11
0xc404...a385,2870,3,11
0xc404...a385,2870,3,11
0xc404...a385,2870,3,11
0xc404...a385,2870,3,11
0xc404...a385,2870,3,11
0xc404...a385,2870,3,11
0xc404...a385,2870,3,11
0xc404...a385,2870,3,11
0xc404...a385,2870,3,11
0xc404...a385,2870,3,11
0xc445...f9e7,1273,3,5
0xc445...f9e7,1273,3,5
0xc445...f9e7,1273,3,5
0xc445...f9e7,1273,3,5
0xc445...f9e7,1273,3,5
0xc459...4102,153,5,1
0xc464...8e5f,1071,3,4
0xc464...8e5f,1071,3,4
0xc464...8e5f,1071,3,4
0xc464...8e5f,1071,3,4
0xc495...4a36,1009,3,4
0xc495...4a36,1009,3,4
0xc495...4a36,1009,3,4
0xc495...4a36,1009,3,4
0xc4dc...7c7d,505,4,2
0xc4dc...7c7d,505,4,2
0xc4f0...b914,1350,3,5
0xc4f0...b914,1350,3,5
0xc4f0...b914,1350,3,5
0xc4f0...b914,1350,3,5
0xc4f0...b914,1350,3,5
0xc515...29e3,150,5,1
0xc532...f622,365,5,1
0xc583...5d5c,1008,3,4
0xc583...5d5c,1008,3,4
0xc583...5d5c,1008,3,4
0xc583...5d5c,1008,3,4
0xc5f1...8a0a,500,4,2
0xc5f1...8a0a,500,4,2
0xc600...127e,1008,3,4
0xc600...127e,1008,3,4
0xc600...127e,1008,3,4
0xc600...127e,1008,3,4
0xc627...ca7e,1250,3,5
0xc627...ca7e,1250,3,5
0xc627...ca7e,1250,3,5
0xc627...ca7e,1250,3,5
0xc627...ca7e,1250,3,5
0xc73f...3258,1010,3,4
0xc73f...3258,1010,3,4
0xc73f...3258,1010,3,4
0xc73f...3258,1010,3,4
0xc74d...77f0,1000,3,4
0xc74d...77f0,1000,3,4
0xc74d...77f0,1000,3,4
0xc74d...77f0,1000,3,4
0xc7da...f9cc,203,5,1
0xc832...0a0e,507,4,2
0xc832...0a0e,507,4,2
0xc8a9...5204,156,5,1
0xc8bf...ce63,150,5,1
0xc8e0...b819,168,5,1
0xc95e...3f23,153,5,1
0xc9e6...a009,500,4,2
0xc9e6...a009,500,4,2
0xcbb5...b4c3,150,5,1
0xcbbd...c2af,505,4,2
0xcbbd...c2af,505,4,2
0xcc22...52ca,300,5,1
0xcc24...f19b,229,5,1
0xcc3c...1710,1013,3,4
0xcc3c...1710,1013,3,4
0xcc3c...1710,1013,3,4
0xcc3c...1710,1013,3,4
0xcc45...a3a0,256,5,1
0xccc9...e0a5,150,5,1
0xccd9...f58e,515,4,2
0xccd9...f58e,515,4,2
0xcd10...bd42,1000,3,4
0xcd10...bd42,1000,3,4
0xcd10...bd42,1000,3,4
0xcd10...bd42,1000,3,4
0xcdd2...be55,360,5,1
0xce3f...3c06,1000,3,4
0xce3f...3c06,1000,3,4
0xce3f...3c06,1000,3,4
0xce3f...3c06,1000,3,4
0xce6c...6894,1000,3,4
0xce6c...6894,1000,3,4
0xce6c...6894,1000,3,4
0xce6c...6894,1000,3,4
0xce78...d8fa,1001,3,4
0xce78...d8fa,1001,3,4
0xce78...d8fa,1001,3,4
0xce78...d8fa,1001,3,4
0xcea3...b050,150,5,1
0xcebf...4c32,192,5,1
0xcee4...68aa,1005,3,4
0xcee4...68aa,1005,3,4
0xcee4...68aa,1005,3,4
0xcee4...68aa,1005,3,4
0xcee7...35b3,1000,3,4
0xcee7...35b3,1000,3,4
0xcee7...35b3,1000,3,4
0xcee7...35b3,1000,3,4
0xcf4e...daac,160,5,1
0xcfa7...5ce5,522,4,2
0xcfa7...5ce5,522,4,2
0xcfbe...cf5c,1042,3,4
0xcfbe...cf5c,1042,3,4
0xcfbe...cf5c,1042,3,4
0xcfbe...cf5c,1042,3,4
0xd045...9e44,1019,3,4
0xd045...9e44,1019,3,4
0xd045...9e44,1019,3,4
0xd045...9e44,1019,3,4
0xd0dd...5781,150,5,1
0xd0f5...7912,1015,3,4
0xd0f5...7912,1015,3,4
0xd0f5...7912,1015,3,4
0xd0f5...7912,1015,3,4
0xd114...b6c4,1369,3,5
0xd114...b6c4,1369,3,5
0xd114...b6c4,1369,3,5
0xd114...b6c4,1369,3,5
0xd114...b6c4,1369,3,5
0xd136...b23e,150,5,1
0xd145...4745,200,5,1
0xd2a3...a626,1000,3,4
0xd2a3...a626,1000,3,4
0xd2a3...a626,1000,3,4
0xd2a3...a626,1000,3,4
0xd2dd...7a40,150,5,1
0xd30c...7967,2175,3,8
0xd30c...7967,2175,3,8
0xd30c...7967,2175,3,8
0xd30c...7967,2175,3,8
0xd30c...7967,2175,3,8
0xd30c...7967,2175,3,8
0xd30c...7967,2175,3,8
0xd30c...7967,2175,3,8
0xd3ae...77e7,1004,3,4
0xd3ae...77e7,1004,3,4
0xd3ae...77e7,1004,3,4
0xd3ae...77e7,1004,3,4
0xd41f...766a,154,5,1
0xd434...bc86,1150,3,4
0xd434...bc86,1150,3,4
0xd434...bc86,1150,3,4
0xd434...bc86,1150,3,4
0xd43e...5032,2068,3,8
0xd43e...5032,2068,3,8
0xd43e...5032,2068,3,8
0xd43e...5032,2068,3,8
0xd43e...5032,2068,3,8
0xd43e...5032,2068,3,8
0xd43e...5032,2068,3,8
0xd43e...5032,2068,3,8
0xd462...b7a0,220,5,1
0xd4ad...740d,1050,3,4
0xd4ad...740d,1050,3,4
0xd4ad...740d,1050,3,4
0xd4ad...740d,1050,3,4
0xd4f1...b713,1021,3,4
0xd4f1...b713,1021,3,4
0xd4f1...b713,1021,3,4
0xd4f1...b713,1021,3,4
0xd51a...98ff,1002,3,4
0xd51a...98ff,1002,3,4
0xd51a...98ff,1002,3,4
0xd51a...98ff,1002,3,4
0xd546...2354,501,4,2
0xd546...2354,501,4,2
0xd552...cf84,500,4,2
0xd552...cf84,500,4,2
0xd5b5...6d37,158,5,1
0xd5bf...8e42,157,5,1
0xd5ea...6b0d,150,5,1
0xd622...741d,150,5,1
0xd624...d0c1,502,4,2
0xd624...d0c1,502,4,2
0xd630...1699,530,4,2
0xd630...1699,530,4,2
0xd64e...36e6,150,5,1
0xd803...1acb,501,4,2
0xd803...1acb,501,4,2
0xd8d0...4477,181,5,1
0xd8db...d184,1001,3,4
0xd8db...d184,1001,3,4
0xd8db...d184,1001,3,4
0xd8db...d184,1001,3,4
0xd915...83fc,1000,3,4
0xd915...83fc,1000,3,4
0xd915...83fc,1000,3,4
0xd915...83fc,1000,3,4
0xd916...8e33,150,5,1
0xd9b7...01be,500,4,2
0xd9b7...01be,500,4,2
0xd9c9...67d9,1000,3,4
0xd9c9...67d9,1000,3,4
0xd9c9...67d9,1000,3,4
0xd9c9...67d9,1000,3,4
0xd9de...e7e3,162,5,1
0xda19...7fea,150,5,1
0xdaab...4363,501,4,2
0xdaab...4363,501,4,2
0xdb3b...58a4,1001,3,4
0xdb3b...58a4,1001,3,4
0xdb3b...58a4,1001,3,4
0xdb3b...58a4,1001,3,4
0xdb7d...1c42,1135,3,4
0xdb7d...1c42,1135,3,4
0xdb7d...1c42,1135,3,4
0xdb7d...1c42,1135,3,4
0xdb8d...9360,1002,3,4
0xdb8d...9360,1002,3,4
0xdb8d...9360,1002,3,4
0xdb8d...9360,1002,3,4
0xdb90...e275,150,5,1
0xdb99...e868,205,5,1
0xdc72...54ae,1000,3,4
0xdc72...54ae,1000,3,4
0xdc72...54ae,1000,3,4
0xdc72...54ae,1000,3,4
0xdcfc...5f01,150,5,1
0xde53...4675,150,5,1
0xde78...9c71,1023,3,4
0xde78...9c71,1023,3,4
0xde78...9c71,1023,3,4
0xde78...9c71,1023,3,4
0xde88...0951,150,5,1
0xde8f...198b,158,5,1
0xdeb2...7a87,1001,3,4
0xdeb2...7a87,1001,3,4
0xdeb2...7a87,1001,3,4
0xdeb2...7a87,1001,3,4
0xdf2e...dc80,1000,3,4
0xdf2e...dc80,1000,3,4
0xdf2e...dc80,1000,3,4
0xdf2e...dc80,1000,3,4
0xdf3f...0404,1000,3,4
0xdf3f...0404,1000,3,4
0xdf3f...0404,1000,3,4
0xdf3f...0404,1000,3,4
0xdf59...84e5,150,5,1
0xdf96...407f,1007,3,4
0xdf96...407f,1007,3,4
0xdf96...407f,1007,3,4
0xdf96...407f,1007,3,4
0xdf98...51e7,519,4,2
0xdf98...51e7,519,4,2
0xdfa8...24db,1001,3,4
0xdfa8...24db,1001,3,4
0xdfa8...24db,1001,3,4
0xdfa8...24db,1001,3,4
0xe011...5b54,1000,3,4
0xe011...5b54,1000,3,4
0xe011...5b54,1000,3,4
0xe011...5b54,1000,3,4
0xe0c2...5e2b,2750,3,11
0xe0c2...5e2b,2750,3,11
0xe0c2...5e2b,2750,3,11
0xe0c2...5e2b,2750,3,11
0xe0c2...5e2b,2750,3,11
0xe0c2...5e2b,2750,3,11
0xe0c2...5e2b,2750,3,11
0xe0c2...5e2b,2750,3,11
0xe0c2...5e2b,2750,3,11
0xe0c2...5e2b,2750,3,11
0xe0c2...5e2b,2750,3,11
0xe209...242f,162,5,1
0xe232...f822,500,4,2
0xe232...f822,500,4,2
0xe35e...23c2,1000,3,4
0xe35e...23c2,1000,3,4
0xe35e...23c2,1000,3,4
0xe35e...23c2,1000,3,4
0xe3b7...393f,155,5,1
0xe3b8...81b5,154,5,1
0xe3f7...86dc,1010,3,4
0xe3f7...86dc,1010,3,4
0xe3f7...86dc,1010,3,4
0xe3f7...86dc,1010,3,4
0xe472...9029,505,4,2
0xe472...9029,505,4,2
0xe483...5011,150,5,1
0xe5c2...4a4c,2070,3,8
0xe5c2...4a4c,2070,3,8
0xe5c2...4a4c,2070,3,8
0xe5c2...4a4c,2070,3,8
0xe5c2...4a4c,2070,3,8
0xe5c2...4a4c,2070,3,8
0xe5c2...4a4c,2070,3,8
0xe5c2...4a4c,2070,3,8
0xe5c3...20b6,160,5,1
0xe5f4...a171,165,5,1
0xe679...d775,150,5,1
0xe712...526a,150,5,1
0xe771...b807,1107,3,4
0xe771...b807,1107,3,4
0xe771...b807,1107,3,4
0xe771...b807,1107,3,4
0xe7c0...16ed,150,5,1
0xe7db...e399,150,5,1
0xe802...4887,652,4,2
0xe802...4887,652,4,2
0xe81f...4dd5,493,5,1
0xe859...05af,501,4,2
0xe859...05af,501,4,2
0xea19...a9d0,500,4,2
0xea19...a9d0,500,4,2
0xea4c...6554,154,5,1
0xea69...40ff,506,4,2
0xea69...40ff,506,4,2
0xeaa8...4c2a,165,5,1
0xeaf5...0fe1,500,4,2
0xeaf5...0fe1,500,4,2
0xeb00...11c3,1010,3,4
0xeb00...11c3,1010,3,4
0xeb00...11c3,1010,3,4
0xeb00...11c3,1010,3,4
0xeb20...6eaa,152,5,1
0xeb42...ba24,500,4,2
0xeb42...ba24,500,4,2
0xeb61...507e,501,4,2
0xeb61...507e,501,4,2
0xeb8d...f35f,1002,3,4
0xeb8d...f35f,1002,3,4
0xeb8d...f35f,1002,3,4
0xeb8d...f35f,1002,3,4
0xebde...dabc,500,4,2
0xebde...dabc,500,4,2
0xec45...c665,151,5,1
0xec81...4845,1050,3,4
0xec81...4845,1050,3,4
0xec81...4845,1050,3,4
0xec81...4845,1050,3,4
0xed42...dc6d,1016,3,4
0xed42...dc6d,1016,3,4
0xed42...dc6d,1016,3,4
0xed42...dc6d,1016,3,4
0xed6e...e1b4,1000,3,4
0xed6e...e1b4,1000,3,4
0xed6e...e1b4,1000,3,4
0xed6e...e1b4,1000,3,4
0xeda4...eed9,1414,3,5
0xeda4...eed9,1414,3,5
0xeda4...eed9,1414,3,5
0xeda4...eed9,1414,3,5
0xeda4...eed9,1414,3,5
0xee06...08b6,524,4,2
0xee06...08b6,524,4,2
0xee0b...f39f,1500,3,6
0xee0b...f39f,1500,3,6
0xee0b...f39f,1500,3,6
0xee0b...f39f,1500,3,6
0xee0b...f39f,1500,3,6
0xee0b...f39f,1500,3,6
0xee5e...d4b4,1007,3,4
0xee5e...d4b4,1007,3,4
0xee5e...d4b4,1007,3,4
0xee5e...d4b4,1007,3,4
0xeea7...4bc3,150,5,1
0xef18...4391,150,5,1
0xef59...d3db,150,5,1
0xef9d...416f,504,4,2
0xef9d...416f,504,4,2
0xefbb...3f86,1000,3,4
0xefbb...3f86,1000,3,4
0xefbb...3f86,1000,3,4
0xefbb...3f86,1000,3,4
0xf028...ebe8,160,5,1
0xf052...c987,150,5,1
0xf072...a872,1000,3,4
0xf072...a872,1000,3,4
0xf072...a872,1000,3,4
0xf072...a872,1000,3,4
0xf097...610e,1000,3,4
0xf097...610e,1000,3,4
0xf097...610e,1000,3,4
0xf097...610e,1000,3,4
0xf0ce...5cd8,165,5,1
0xf106...c00d,227,5,1
0xf18c...e9ff,1003,3,4
0xf18c...e9ff,1003,3,4
0xf18c...e9ff,1003,3,4
0xf18c...e9ff,1003,3,4
0xf1e2...6129,1001,3,4
0xf1e2...6129,1001,3,4
0xf1e2...6129,1001,3,4
0xf1e2...6129,1001,3,4
0xf204...3baa,500,4,2
0xf204...3baa,500,4,2
0xf20f...1906,1006,3,4
0xf20f...1906,1006,3,4
0xf20f...1906,1006,3,4
0xf20f...1906,1006,3,4
0xf260...170e,150,5,1
0xf31c...8a7f,155,5,1
0xf384...e554,151,5,1
0xf3b4...ebe6,2100,3,8
0xf3b4...ebe6,2100,3,8
0xf3b4...ebe6,2100,3,8
0xf3b4...ebe6,2100,3,8
0xf3b4...ebe6,2100,3,8
0xf3b4...ebe6,2100,3,8
0xf3b4...ebe6,2100,3,8
0xf3b4...ebe6,2100,3,8
0xf3c3...600f,1009,3,4
0xf3c3...600f,1009,3,4
0xf3c3...600f,1009,3,4
0xf3c3...600f,1009,3,4
0xf3cc...48b3,1016,3,4
0xf3cc...48b3,1016,3,4
0xf3cc...48b3,1016,3,4
0xf3cc...48b3,1016,3,4
0xf3d0...93f4,207,5,1
0xf3d7...853e,150,5,1
0xf421...ca7a,500,4,2
0xf421...ca7a,500,4,2
0xf484...91be,150,5,1
0xf4b0...5bad,518,4,2
0xf4b0...5bad,518,4,2
0xf4c4...ef5c,150,5,1
0xf4e7...4715,153,5,1
0xf50e...c8e0,511,4,2
0xf50e...c8e0,511,4,2
0xf5b1...8229,199,5,1
0xf5b6...a8c1,1510,3,6
0xf5b6...a8c1,1510,3,6
0xf5b6...a8c1,1510,3,6
0xf5b6...a8c1,1510,3,6
0xf5b6...a8c1,1510,3,6
0xf5b6...a8c1,1510,3,6
0xf5d6...610f,1000,3,4
0xf5d6...610f,1000,3,4
0xf5d6...610f,1000,3,4
0xf5d6...610f,1000,3,4
0xf642...95e8,510,4,2
0xf642...95e8,510,4,2
0xf643...4ce4,157,5,1
0xf64d...09b0,243,5,1
0xf692...425e,1020,3,4
0xf692...425e,1020,3,4
0xf692...425e,1020,3,4
0xf692...425e,1020,3,4
0xf69c...d7ee,200,5,1
0xf6b9...aa1c,151,5,1
0xf6fb...3702,150,5,1
0xf710...439e,150,5,1
0xf736...64ab,336,5,1
0xf7e1...38f6,1005,3,4
0xf7e1...38f6,1005,3,4
0xf7e1...38f6,1005,3,4
0xf7e1...38f6,1005,3,4
0xf813...9797,510,4,2
0xf813...9797,510,4,2
0xf890...837a,1489,3,5
0xf890...837a,1489,3,5
0xf890...837a,1489,3,5
0xf890...837a,1489,3,5
0xf890...837a,1489,3,5
0xf8fc...a8f2,159,5,1
0xf9f8...5974,1001,3,4
0xf9f8...5974,1001,3,4
0xf9f8...5974,1001,3,4
0xf9f8...5974,1001,3,4
0xfa2e...d5b6,153,5,1
0xfa51...4dff,1033,3,4
0xfa51...4dff,1033,3,4
0xfa51...4dff,1033,3,4
0xfa51...4dff,1033,3,4
0xfac1...a191,2617,3,10
0xfac1...a191,2617,3,10
0xfac1...a191,2617,3,10
0xfac1...a191,2617,3,10
0xfac1...a191,2617,3,10
0xfac1...a191,2617,3,10
0xfac1...a191,2617,3,10
0xfac1...a191,2617,3,10
0xfac1...a191,2617,3,10
0xfac1...a191,2617,3,10
0xfaca...8884,1740,3,6
0xfaca...8884,1740,3,6
0xfaca...8884,1740,3,6
0xfaca...8884,1740,3,6
0xfaca...8884,1740,3,6
0xfaca...8884,1740,3,6
0xfaf2...d1c6,501,4,2
0xfaf2...d1c6,501,4,2
0xfb34...3413,500,4,2
0xfb34...3413,500,4,2
0xfb44...fa58,300,5,1
0xfbde...b2a2,1002,3,4
0xfbde...b2a2,1002,3,4
0xfbde...b2a2,1002,3,4
0xfbde...b2a2,1002,3,4
0xfc88...c03e,1001,3,4
0xfc88...c03e,1001,3,4
0xfc88...c03e,1001,3,4
0xfc88...c03e,1001,3,4
0xfc9c...7c4e,210,5,1
0xfcc0...b598,501,4,2
0xfcc0...b598,501,4,2
0xfcda...25a9,150,5,1
0xfd18...4a01,152,5,1
0xfd78...8601,1250,3,5
0xfd78...8601,1250,3,5
0xfd78...8601,1250,3,5
0xfd78...8601,1250,3,5
0xfd78...8601,1250,3,5
0xfdc2...3437,185,5,1
0xfde6...408b,1002,3,4
0xfde6...408b,1002,3,4
0xfde6...408b,1002,3,4
0xfde6...408b,1002,3,4
0xfe13...7a6f,202,5,1
0xfe37...9f2a,1003,3,4
0xfe37...9f2a,1003,3,4
0xfe37...9f2a,1003,3,4
0xfe37...9f2a,1003,3,4
0xfe84...8cb8,1000,3,4
0xfe84...8cb8,1000,3,4
0xfe84...8cb8,1000,3,4
0xfe84...8cb8,1000,3,4
0xfea8...e23f,1335,3,5
0xfea8...e23f,1335,3,5
0xfea8...e23f,1335,3,5
0xfea8...e23f,1335,3,5
0xfea8...e23f,1335,3,5
0xfff5...b455,1010,3,4
0xfff5...b455,1010,3,4
0xfff5...b455,1010,3,4
0xfff5...b455,1010,3,4